offer_id,origin_location_id,origin_name,destination_location_id,destination_name,origin_city,origin_lat,origin_lng,dest_city,dest_lat,dest_lng,start_date_utc,end_date_utc,period_hours,distance_km,free_km,make,model,vehicle_category,price_eur,is_eur_1
257102,2316,Stockholm,4569,Kassel,Stockholm,59.5302673,18.1084991,Kassel,51.2849661146,9.5799271458,2026-09-27T22:00:00Z,2026-10-05T21:59:59Z,96,1305.6,1800,CAMPER CASTLE,Fiat Tracer 680DL - Fiat Ducato Serie 2,CAMPER CASTLE,129.00,no
258762,2586,Chemnitz,6057,Berlin,Chemnitz,50.842438,12.907237,Berlin,52.504853,13.449167,2026-09-28T22:00:00Z,2026-10-01T18:00:00Z,24,254.9,350,VW,TRANSPORTER KAS EL AUT,Mystery Van Electric,1.00,yes
258774,2529,Leipzig,2590,Schkeuditz,Leipzig,51.34476,12.380199,Schkeuditz,51.42225,12.22172,2026-09-28T22:00:00Z,2026-09-29T18:00:00Z,24,20.0,50,VW,POLO LIM BE MAN,Mystery Auto,1.00,yes
258822,2568,Stuttgart,2542,Stuttgart,Stuttgart,48.782221,9.179324,Stuttgart,48.68959,9.21638,2026-09-28T22:00:00Z,2026-09-30T21:00:00Z,24,14.5,50,OPEL,MOKKA X OFF BE MAN,Mystery Auto,1.00,yes
258825,2505,Hamburg,2539,Hannover,Hamburg,53.62951,10.00496,Hannover,52.406608,9.710768,2026-09-28T22:00:00Z,2026-09-30T15:00:00Z,24,155.6,200,MB,S350L LIM DI AUT,Mystery Auto,1.00,yes
258025,6094,Bordeaux,6098,Nice,Bordeaux,44.8862672,-0.6386488,Nice,43.6159547,7.1111765,2026-09-29T04:00:00Z,2026-10-08T19:00:00Z,96,797.7,1010,Fiat,Ducato,Active Poptop,99.00,no
258201,6133,Sevilla,6226,Granadilla de Abona,Sevilla,37.2964668,-5.9136377,Granadilla de Abona,28.05487,-16.593733,2026-09-29T04:00:00Z,2026-10-10T19:00:00Z,192,1505.5,1774,Fiat,Ducato,Active Standard Select,99.00,no
258202,6130,Alcalá de Henares,6226,Granadilla de Abona,Alcalá de Henares,40.5116673,-3.4017402,Granadilla de Abona,28.05487,-16.593733,2026-09-29T04:00:00Z,2026-10-14T19:00:00Z,240,2046.3,2294,Fiat,Ducato,Active Standard Select,99.00,no
258498,6132,Palma de Mallorca,6133,Sevilla,Palma de Mallorca,39.538738,2.7375425,Sevilla,37.2964668,-5.9136377,2026-09-29T04:00:00Z,2026-10-10T19:00:00Z,120,970.2,1181,Volkswagen,California,California Standard,99.00,no
258757,6131,Málaga,6129,Bilbao,Málaga,36.6729608,-4.578534,Bilbao,43.2904901,-2.8944743,2026-09-29T04:00:00Z,2026-10-15T19:00:00Z,120,938.5,1126,Fiat,Ducato,Comfort Standard,99.00,no
258781,2513,München,5091,Ferno,München,48.141922,11.558182,Ferno,45.6274,8.7124,2026-09-29T08:34:40Z,2026-10-01T21:59:00Z,24,491.5,600,CUPRA,FORMENTOR UTL HBP AUT,Mystery Auto,1.00,yes
258782,2586,Chemnitz,5091,Ferno,Chemnitz,50.842438,12.907237,Ferno,45.6274,8.7124,2026-09-29T08:34:40Z,2026-10-01T21:59:00Z,24,843.5,1050,MB,E200 SAL HBD AUT,Mystery Auto,1.00,yes
258785,2562,Wiesbaden,5091,Ferno,Wiesbaden,50.070715,8.241461,Ferno,45.6274,8.7124,2026-09-29T09:14:17Z,2026-10-01T21:59:00Z,24,672.3,850,JEEP,COMPASS UTL HBP AUT,Mystery Auto,1.00,yes
258815,2511,Duisburg,2521,Arnsberg,Duisburg,51.412018,6.762658,Arnsberg,51.437892,7.971096,2026-09-29T10:39:47Z,2026-09-30T14:00:00Z,24,101.9,150,MB,VITO 116L MPV 9S DI AUT,Mystery Auto,1.00,yes
258818,2610,Nürnberg,2659,Würzburg,Nürnberg,49.430326,11.081386,Würzburg,49.795887,9.969987,2026-09-29T11:08:55Z,2026-10-01T16:00:00Z,24,108.5,150,VW,ID7 KOM EL AUT,Mystery Auto,1.00,yes
258778,2583,Heilbronn,2578,Freiburg im Breisgau,Heilbronn,49.169519,9.216954,Freiburg im Breisgau,48.016298,7.850261,2026-09-29T11:33:24Z,2026-09-29T16:00:00Z,24,217.9,300,FORD,TOURNEO CUSTOM MPV 9S DI MAN,Mystery Auto,1.00,yes
258820,2714,Neu-Ulm,2572,Heidelberg,Neu-Ulm,48.395353,10.020626,Heidelberg,49.397112,8.684604,2026-09-29T11:38:49Z,2026-09-30T14:30:00Z,24,219.5,300,OPEL,VIVARO KAS DI AUT,Mystery Auto,1.00,yes
258821,2714,Neu-Ulm,2643,Sindelfingen,Neu-Ulm,48.395353,10.020626,Sindelfingen,48.703844,9.030662,2026-09-29T11:38:49Z,2026-09-30T16:00:00Z,24,99.1,150,VW,"CRAFTER 35L 3,5 TO KAS DI MAN",Mystery Van,1.00,yes
257875,2311,Champlan,3003,Málaga,Champlan,48.7003519,2.2864241,Málaga,36.7264949,-4.5427975,2026-09-29T22:00:00Z,2026-10-07T21:59:59Z,120,1795.1,2200,COUPLE COTTAGE,Weinsberg Signeo C590 - Ford Transit V363,COUPLE COTTAGE,129.00,no
256975,2316,Stockholm,2292,Frankfurt am Main,Stockholm,59.5302673,18.1084991,Frankfurt am Main,50.1223914,8.754262,2026-09-30T22:00:00Z,2026-10-08T21:59:59Z,96,1481.1,1800,CAMPER CASTLE,Fiat Tracer 680DL - Fiat Ducato Serie 2,CAMPER CASTLE,129.00,no
257076,2309,Nantes,4743,València,Nantes,47.211,-1.565,València,39.3560142,-0.458987,2026-09-30T22:00:00Z,2026-10-08T21:59:59Z,72,1174.7,1400,FAMILY FINCA,VW Grand California 600 - VW Crafter 2,FAMILY FINCA,129.00,no
257834,2294,Saint-Jean-de-Gonville,4743,València,Saint-Jean-de-Gonville,46.2041422017,5.9606482694,València,39.3560142,-0.458987,2026-09-30T22:00:00Z,2026-10-08T21:59:59Z,72,1158.7,1400,ROAD HOUSE,Westfalia Eliseo C540 - Fiat Ducato 8,ROAD HOUSE,129.00,no
258265,2312,Porto,2324,Zürich,Porto,41.302,-8.694,Zürich,47.335,8.519,2026-09-30T22:00:00Z,2026-10-08T21:59:59Z,120,1985.8,2200,SURFER SUITE,VW California Ocean,SURFER SUITE,129.00,no
258422,2296,Hamburg,4743,València,Hamburg,53.536977,10.077906,València,39.3560142,-0.458987,2026-09-30T22:00:00Z,2026-10-08T21:59:59Z,120,2177.5,2600,ROAD HOUSE,Westfalia Eliseo C540 - Fiat Ducato 8,ROAD HOUSE,129.00,no
258495,2308,München,2304,Madrid,München,48.204,11.586,Madrid,40.395,-3.581,2026-09-30T22:00:00Z,2026-10-08T21:59:59Z,120,1974.3,2200,BEACH HOSTEL,VW California Beach,BEACH HOSTEL,129.00,no
258783,2853,Marburg,4743,València,Marburg,50.8298189,8.7682135,València,39.3560142,-0.458987,2026-09-30T22:00:00Z,2026-10-08T21:59:59Z,120,1780.8,2200,COUPLE COTTAGE,Weinsberg Signeo C590 - Ford Transit V363,COUPLE COTTAGE,129.00,no
258787,2853,Marburg,5334,Roma,Marburg,50.8298189,8.7682135,Roma,41.8066422,12.3245072,2026-09-30T22:00:00Z,2026-10-08T21:59:59Z,96,1349.3,1800,ROAD HOUSE,Westfalia Eliseo C540 - Fiat Ducato 8,ROAD HOUSE,129.00,no
258789,2298,Bonn,5334,Roma,Bonn,50.8209179,6.8110128,Roma,41.8066422,12.3245072,2026-09-30T22:00:00Z,2026-10-08T21:59:59Z,96,1415.1,1800,ROAD HOUSE,Westfalia Eliseo C540 - Fiat Ducato 8,ROAD HOUSE,129.00,no
258499,6132,Palma de Mallorca,6133,Sevilla,Palma de Mallorca,39.538738,2.7375425,Sevilla,37.2964668,-5.9136377,2026-10-01T04:00:00Z,2026-10-15T19:00:00Z,120,970.2,1181,Fiat,Ducato,Active Bunk,99.00,no
257002,2309,Nantes,2294,Saint-Jean-de-Gonville,Nantes,47.211,-1.565,Saint-Jean-de-Gonville,46.2041422017,5.9606482694,2026-10-01T22:00:00Z,2026-10-09T21:59:59Z,48,777.0,1000,ROAD HOUSE,Westfalia Eliseo C540 - Fiat Ducato 8,ROAD HOUSE,1.00,yes
258529,5330,Hörsching,2310,Nürnberg,Hörsching,48.2063758,14.1588223,Nürnberg,49.444,10.994,2026-10-01T22:00:00Z,2026-10-09T21:59:59Z,24,319.5,600,COZY COTTAGE,Knaus Van TI Plus 650 MEG Platinum Selection - VW Crafter 2,COZY COTTAGE,1.00,yes
258531,2308,München,3003,Málaga,München,48.204,11.586,Málaga,36.7264949,-4.5427975,2026-10-01T22:00:00Z,2026-10-09T21:59:59Z,120,2331.7,2600,COUPLE COTTAGE,Weinsberg Signeo C590 - Ford Transit V363,COUPLE COTTAGE,129.00,no
258549,2303,Dagneux,2856,Korntal-Münchingen,Dagneux,45.8437954768,5.0627693224,Korntal-Münchingen,48.8291562,9.1320567,2026-10-01T22:00:00Z,2026-10-09T21:59:59Z,48,597.5,1000,ROAD HOUSE,Westfalia Eliseo C540 - Fiat Ducato 8,ROAD HOUSE,1.00,yes
258791,2853,Marburg,2298,Bonn,Marburg,50.8298189,8.7682135,Bonn,50.8209179,6.8110128,2026-10-01T22:00:00Z,2026-10-09T21:59:59Z,24,224.6,600,COUPLE COTTAGE,Weinsberg Signeo C590 - Ford Transit V363,COUPLE COTTAGE,1.00,yes
257835,2294,Saint-Jean-de-Gonville,4743,València,Saint-Jean-de-Gonville,46.2041422017,5.9606482694,València,39.3560142,-0.458987,2026-10-02T22:00:00Z,2026-10-10T21:59:59Z,72,1158.7,1400,ROAD HOUSE,Westfalia Eliseo C540 - Fiat Ducato 8,ROAD HOUSE,129.00,no
258454,3005,Göteborgs Stad,2283,Berlin,Göteborgs Stad,57.6581514,11.9402265,Berlin,52.562672,13.3253709,2026-10-02T22:00:00Z,2026-10-10T21:59:59Z,48,727.6,1000,SUNRISE SUITE,VW California Ocean / Coast,SUNRISE SUITE,1.00,yes
257292,5204,Dormagen,2309,Nantes,Dormagen,51.1072563,6.818826,Nantes,47.211,-1.565,2026-10-04T22:00:00Z,2026-10-12T21:59:59Z,72,881.3,1400,SURFER SUITE,VW California Ocean,SURFER SUITE,129.00,no
257296,2296,Hamburg,2287,Mérignac,Hamburg,53.536977,10.077906,Mérignac,44.8210543,-0.6957446,2026-10-04T22:00:00Z,2026-10-12T21:59:59Z,96,1482.9,1800,SUNRISE SUITE,VW California Ocean / Coast,SUNRISE SUITE,129.00,no
258033,3005,Göteborgs Stad,2298,Bonn,Göteborgs Stad,57.6581514,11.9402265,Bonn,50.8209179,6.8110128,2026-10-04T22:00:00Z,2026-10-12T21:59:59Z,72,1069.1,1400,FAMILY FINCA,VW Grand California 600 - VW Crafter 2,FAMILY FINCA,129.00,no
258327,2290,Dresden,2294,Saint-Jean-de-Gonville,Dresden,51.14,13.795,Saint-Jean-de-Gonville,46.2041422017,5.9606482694,2026-10-04T22:00:00Z,2026-10-12T21:59:59Z,72,994.3,1400,COUPLE COTTAGE,Weinsberg Signeo C590 - Ford Transit V363,COUPLE COTTAGE,129.00,no
258419,3005,Göteborgs Stad,5329,Weyhe,Göteborgs Stad,57.6581514,11.9402265,Weyhe,53.0138949,8.852995,2026-10-04T22:00:00Z,2026-10-12T21:59:59Z,48,743.7,1000,SUNRISE SUITE,VW California Ocean / Coast,SUNRISE SUITE,1.00,yes
258446,5204,Dormagen,2282,Viladecans,Dormagen,51.1072563,6.818826,Viladecans,41.3206,2.0303,2026-10-04T22:00:00Z,2026-10-12T21:59:59Z,96,1388.8,1800,SURFER SUITE,VW California Ocean,SURFER SUITE,129.00,no
258535,5490,Salzburg,2300,Aach,Salzburg,47.825903,13.0322279,Aach,47.833,8.863,2026-10-04T22:00:00Z,2026-10-12T21:59:59Z,48,413.6,1000,CAMPER CASTLE,Fiat Tracer 680DL - Fiat Ducato Serie 2,CAMPER CASTLE,1.00,yes
258550,2282,Viladecans,2853,Marburg,Viladecans,41.3206,2.0303,Marburg,50.8298189,8.7682135,2026-10-04T22:00:00Z,2026-10-12T21:59:59Z,96,1429.0,1800,COZY COTTAGE,Knaus Van TI Plus 650 MEG Platinum Selection - VW Crafter 2,COZY COTTAGE,129.00,no
258792,2853,Marburg,3253,Florence,Marburg,50.8298189,8.7682135,Florence,43.8571098,11.0998016,2026-10-04T22:00:00Z,2026-10-12T21:59:59Z,72,1044.6,1400,CAMPER CASTLE,Fiat Tracer 680DL - Fiat Ducato Serie 2,CAMPER CASTLE,129.00,no
258793,2853,Marburg,3144,Goussainville,Marburg,50.8298189,8.7682135,Goussainville,49.0215141,2.4857868,2026-10-04T22:00:00Z,2026-10-12T21:59:59Z,48,666.3,1000,COUPLE COTTAGE,Weinsberg Signeo C590 - Ford Transit V363,COUPLE COTTAGE,1.00,yes
258794,2853,Marburg,4569,Kassel,Marburg,50.8298189,8.7682135,Kassel,51.2849661146,9.5799271458,2026-10-04T22:00:00Z,2026-10-12T21:59:59Z,24,94.7,600,SURFER SUITE,VW California Ocean,SURFER SUITE,1.00,yes
258502,6132,Palma de Mallorca,6133,Sevilla,Palma de Mallorca,39.538738,2.7375425,Sevilla,37.2964668,-5.9136377,2026-10-05T04:00:00Z,2026-10-19T19:00:00Z,120,970.2,1181,Fiat,Ducato,Active Bunk,99.00,no
258504,6132,Palma de Mallorca,6128,Barcelona,Palma de Mallorca,39.538738,2.7375425,Barcelona,41.29824,2.0123,2026-10-05T04:00:00Z,2026-10-19T19:00:00Z,72,711.4,500,Volkswagen,California,California Standard,99.00,no
258421,5481,Erfurt,5334,Roma,Erfurt,51.029912,11.00437,Roma,41.8066422,12.3245072,2026-10-05T22:00:00Z,2026-10-13T21:59:59Z,96,1344.9,1800,FAMILY FINCA,VW Grand California 600 - VW Crafter 2,FAMILY FINCA,129.00,no
258524,2853,Marburg,2304,Madrid,Marburg,50.8298189,8.7682135,Madrid,40.395,-3.581,2026-10-05T22:00:00Z,2026-10-13T21:59:59Z,120,1938.2,2200,BEACH HOSTEL,VW California Beach,BEACH HOSTEL,129.00,no
258769,2853,Marburg,5465,Bergamo,Marburg,50.8298189,8.7682135,Bergamo,45.6057278,9.5843822,2026-10-05T22:00:00Z,2026-10-13T21:59:59Z,48,780.8,1000,CAMPER CASTLE,Fiat Tracer 680DL - Fiat Ducato Serie 2,CAMPER CASTLE,1.00,yes
258771,2293,Ihringen,2282,Viladecans,Ihringen,48.0365254,7.6478617,Viladecans,41.3206,2.0303,2026-10-05T22:00:00Z,2026-10-13T21:59:59Z,72,1077.3,1400,ROAD HOUSE,Westfalia Eliseo C540 - Fiat Ducato 8,ROAD HOUSE,129.00,no
258800,2853,Marburg,5328,Würzburg,Marburg,50.8298189,8.7682135,Würzburg,49.731152,9.9687028,2026-10-05T22:00:00Z,2026-10-13T21:59:59Z,24,205.7,600,COZY COTTAGE,Knaus Van TI Plus 650 MEG Platinum Selection - VW Crafter 2,COZY COTTAGE,1.00,yes
258801,5329,Weyhe,4563,Saint-Alban,Weyhe,53.0138949,8.852995,Saint-Alban,43.6991218,1.4012468,2026-10-05T22:00:00Z,2026-10-13T21:59:59Z,96,1451.2,1800,ROAD HOUSE,Westfalia Eliseo C540 - Fiat Ducato 8,ROAD HOUSE,129.00,no
258813,2853,Marburg,3003,Málaga,Marburg,50.8298189,8.7682135,Málaga,36.7264949,-4.5427975,2026-10-05T22:00:00Z,2026-10-13T21:59:59Z,120,2368.2,2600,CAMPER CASTLE,Fiat Tracer 680DL - Fiat Ducato Serie 2,CAMPER CASTLE,129.00,no
257120,3005,Göteborgs Stad,2856,Korntal-Münchingen,Göteborgs Stad,57.6581514,11.9402265,Korntal-Münchingen,48.8291562,9.1320567,2026-10-06T22:00:00Z,2026-10-14T21:59:59Z,96,1273.4,1800,COUPLE COTTAGE,Weinsberg Signeo C590 - Ford Transit V363,COUPLE COTTAGE,129.00,no
257290,2853,Marburg,2287,Mérignac,Marburg,50.8298189,8.7682135,Mérignac,44.8210543,-0.6957446,2026-10-06T22:00:00Z,2026-10-14T21:59:59Z,96,1263.6,1800,SURFER SUITE,VW California Ocean,SURFER SUITE,129.00,no
258165,2853,Marburg,3253,Florence,Marburg,50.8298189,8.7682135,Florence,43.8571098,11.0998016,2026-10-06T22:00:00Z,2026-10-14T21:59:59Z,72,1044.6,1400,COUPLE COTTAGE,Weinsberg Signeo C590 - Ford Transit V363,COUPLE COTTAGE,129.00,no
258303,2304,Madrid,3003,Málaga,Madrid,40.395,-3.581,Málaga,36.7264949,-4.5427975,2026-10-06T22:00:00Z,2026-10-14T21:59:59Z,48,532.1,1000,SURFER SUITE,VW California Ocean,SURFER SUITE,1.00,yes
258420,2298,Bonn,5465,Bergamo,Bonn,50.8209179,6.8110128,Bergamo,45.6057278,9.5843822,2026-10-06T22:00:00Z,2026-10-14T21:59:59Z,72,848.2,1400,SURFER SUITE,VW California Ocean,SURFER SUITE,129.00,no
258464,2308,München,2294,Saint-Jean-de-Gonville,München,48.204,11.586,Saint-Jean-de-Gonville,46.2041422017,5.9606482694,2026-10-06T22:00:00Z,2026-10-14T21:59:59Z,48,593.5,1000,CAMPER CABIN DELUXE,Ford Nugget Plus - Ford Transit Custom V362,CAMPER CABIN DELUXE,1.00,yes
258467,2853,Marburg,5929,Lille,Marburg,50.8298189,8.7682135,Lille,50.56147,3.040016,2026-10-06T22:00:00Z,2026-10-14T21:59:59Z,48,535.1,1000,COZY COTTAGE,Knaus Van TI Plus 650 MEG Platinum Selection - VW Crafter 2,COZY COTTAGE,1.00,yes
258479,5584,Leipzig,2304,Madrid,Leipzig,51.3455043,12.4650845,Madrid,40.395,-3.581,2026-10-06T22:00:00Z,2026-10-14T21:59:59Z,120,2250.0,2600,CAMPER CABIN,Ford Nugget - Ford Transit Custom V710,CAMPER CABIN,129.00,no
258490,2856,Korntal-Münchingen,3264,Cabriès,Korntal-Münchingen,48.8291562,9.1320567,Cabriès,43.4222409,5.366785,2026-10-06T22:00:00Z,2026-10-14T21:59:59Z,72,923.8,1400,FAMILY FINCA,VW Grand California 600 - VW Crafter 2,FAMILY FINCA,129.00,no
258533,5490,Salzburg,2856,Korntal-Münchingen,Salzburg,47.825903,13.0322279,Korntal-Münchingen,48.8291562,9.1320567,2026-10-06T22:00:00Z,2026-10-14T21:59:59Z,24,392.0,600,ROAD HOUSE,Westfalia Eliseo C540 - Fiat Ducato 8,ROAD HOUSE,1.00,yes
258717,2296,Hamburg,2316,Stockholm,Hamburg,53.536977,10.077906,Stockholm,59.5302673,18.1084991,2026-10-06T22:00:00Z,2026-10-14T21:59:59Z,72,1004.5,1400,BEACH HOSTEL,VW California Beach,BEACH HOSTEL,129.00,no
258802,4597,Wiesing,5339,Wangen,Wiesing,47.3942751,11.7900063,Wangen,47.6856282,9.8381343,2026-10-06T22:00:00Z,2026-10-14T21:59:59Z,24,221.5,600,BEACH HOSTEL,VW California Beach,BEACH HOSTEL,1.00,yes
258803,2853,Marburg,2305,Mainz,Marburg,50.8298189,8.7682135,Mainz,50.0081673,8.3011935,2026-10-06T22:00:00Z,2026-10-14T21:59:59Z,24,119.6,600,COUPLE COTTAGE,Weinsberg Signeo C590 - Ford Transit V363,COUPLE COTTAGE,1.00,yes
258804,2308,München,5333,Strasbourg,München,48.204,11.586,Strasbourg,48.5417938,7.7872903,2026-10-06T22:00:00Z,2026-10-14T21:59:59Z,24,360.2,600,COUPLE COTTAGE,Weinsberg Signeo C590 - Ford Transit V363,COUPLE COTTAGE,1.00,yes
257279,2853,Marburg,2309,Nantes,Marburg,50.8298189,8.7682135,Nantes,47.211,-1.565,2026-10-07T22:00:00Z,2026-10-15T21:59:59Z,72,1045.0,1400,SURFER SUITE,VW California Ocean,SURFER SUITE,129.00,no
258460,2853,Marburg,2287,Mérignac,Marburg,50.8298189,8.7682135,Mérignac,44.8210543,-0.6957446,2026-10-07T22:00:00Z,2026-10-15T21:59:59Z,96,1263.6,1800,FAMILY FINCA,VW Grand California 600 - VW Crafter 2,FAMILY FINCA,129.00,no
256870,2282,Viladecans,5481,Erfurt,Viladecans,41.3206,2.0303,Erfurt,51.029912,11.00437,2026-10-08T22:00:00Z,2026-10-16T21:59:59Z,96,1599.0,1800,BEACH HOSTEL,VW California Beach,BEACH HOSTEL,129.00,no
258805,2853,Marburg,2294,Saint-Jean-de-Gonville,Marburg,50.8298189,8.7682135,Saint-Jean-de-Gonville,46.2041422017,5.9606482694,2026-10-08T22:00:00Z,2026-10-16T21:59:59Z,48,663.4,1000,CAMPER CASTLE,Fiat Tracer 680DL - Fiat Ducato Serie 2,CAMPER CASTLE,1.00,yes
258534,5490,Salzburg,2856,Korntal-Münchingen,Salzburg,47.825903,13.0322279,Korntal-Münchingen,48.8291562,9.1320567,2026-10-09T22:00:00Z,2026-10-17T21:59:59Z,24,392.0,600,ROAD HOUSE,Westfalia Eliseo C540 - Fiat Ducato 8,ROAD HOUSE,1.00,yes
258806,2856,Korntal-Münchingen,2282,Viladecans,Korntal-Münchingen,48.8291562,9.1320567,Viladecans,41.3206,2.0303,2026-10-09T22:00:00Z,2026-10-17T21:59:59Z,96,1269.4,1800,ROAD HOUSE,Westfalia Eliseo C540 - Fiat Ducato 8,ROAD HOUSE,129.00,no
258505,6132,Palma de Mallorca,6133,Sevilla,Palma de Mallorca,39.538738,2.7375425,Sevilla,37.2964668,-5.9136377,2026-10-10T04:00:00Z,2026-10-24T19:00:00Z,120,970.2,1181,Volkswagen,California,California Standard,99.00,no
258204,6130,Alcalá de Henares,6226,Granadilla de Abona,Alcalá de Henares,40.5116673,-3.4017402,Granadilla de Abona,28.05487,-16.593733,2026-10-11T04:00:00Z,2026-10-28T20:00:00Z,240,2046.3,2294,Fiat,Ducato,Active Standard Select,99.00,no
257328,2853,Marburg,2303,Dagneux,Marburg,50.8298189,8.7682135,Dagneux,45.8437954768,5.0627693224,2026-10-11T22:00:00Z,2026-10-19T21:59:59Z,48,757.3,1000,SURFER SUITE,VW California Ocean,SURFER SUITE,1.00,yes
257335,2856,Korntal-Münchingen,3264,Cabriès,Korntal-Münchingen,48.8291562,9.1320567,Cabriès,43.4222409,5.366785,2026-10-11T22:00:00Z,2026-10-19T21:59:59Z,72,923.8,1400,SURFER SUITE,VW California Ocean,SURFER SUITE,129.00,no
258808,2853,Marburg,2305,Mainz,Marburg,50.8298189,8.7682135,Mainz,50.0081673,8.3011935,2026-10-11T22:00:00Z,2026-10-19T21:59:59Z,24,119.6,600,CAMPER CABIN,Ford Nugget - Ford Transit Custom V710,CAMPER CABIN,1.00,yes
258809,4597,Wiesing,5339,Wangen,Wiesing,47.3942751,11.7900063,Wangen,47.6856282,9.8381343,2026-10-11T22:00:00Z,2026-10-19T21:59:59Z,24,221.5,600,ROAD HOUSE,Westfalia Eliseo C540 - Fiat Ducato 8,ROAD HOUSE,1.00,yes
257351,2853,Marburg,3004,Zamudio,Marburg,50.8298189,8.7682135,Zamudio,43.2860962,-2.8741381,2026-10-13T22:00:00Z,2026-10-21T21:59:59Z,96,1579.7,1800,SURFER SUITE,VW California Ocean,SURFER SUITE,129.00,no
258811,5465,Bergamo,2294,Saint-Jean-de-Gonville,Bergamo,45.6057278,9.5843822,Saint-Jean-de-Gonville,46.2041422017,5.9606482694,2026-10-13T22:00:00Z,2026-10-20T21:59:59Z,24,372.7,600,COUPLE COTTAGE,Weinsberg Signeo C590 - Ford Transit V363,COUPLE COTTAGE,1.00,yes
258812,3142,Castellanza,2321,Turin,Castellanza,45.6052218,8.8869713,Turin,45.112,7.6751,2026-10-13T22:00:00Z,2026-10-20T21:59:59Z,24,131.6,600,COUPLE COTTAGE,Weinsberg Signeo C590 - Ford Transit V363,COUPLE COTTAGE,1.00,yes
258507,5490,Salzburg,5584,Leipzig,Salzburg,47.825903,13.0322279,Leipzig,51.3455043,12.4650845,2026-10-14T22:00:00Z,2026-10-21T21:59:59Z,48,588.6,1000,FAMILY FINCA,VW Grand California 600 - VW Crafter 2,FAMILY FINCA,1.00,yes
258527,5330,Hörsching,2310,Nürnberg,Hörsching,48.2063758,14.1588223,Nürnberg,49.444,10.994,2026-10-14T22:00:00Z,2026-10-22T21:59:59Z,24,319.5,600,SURFER SUITE,VW California Ocean,SURFER SUITE,1.00,yes
257361,2853,Marburg,2309,Nantes,Marburg,50.8298189,8.7682135,Nantes,47.211,-1.565,2026-10-15T22:00:00Z,2026-10-23T21:59:59Z,72,1045.0,1400,CAMPER CABIN,Ford Nugget - Ford Transit Custom V710,CAMPER CABIN,129.00,no
258530,5330,Hörsching,4527,Regensburg,Hörsching,48.2063758,14.1588223,Regensburg,48.974625,12.183099,2026-10-15T22:00:00Z,2026-10-23T21:59:59Z,24,204.5,600,BEACH HOSTEL,VW California Beach,BEACH HOSTEL,1.00,yes
258553,5334,Roma,2308,München,Roma,41.8066422,12.3245072,München,48.204,11.586,2026-10-15T22:00:00Z,2026-10-23T21:59:59Z,72,959.6,1400,ROAD HOUSE,Westfalia Eliseo C540 - Fiat Ducato 8,ROAD HOUSE,129.00,no
257368,2856,Korntal-Münchingen,2309,Nantes,Korntal-Münchingen,48.8291562,9.1320567,Nantes,47.211,-1.565,2026-10-16T22:00:00Z,2026-10-24T21:59:59Z,72,987.9,1400,BEACH HOSTEL,VW California Beach,BEACH HOSTEL,129.00,no
258541,2294,Saint-Jean-de-Gonville,2287,Mérignac,Saint-Jean-de-Gonville,46.2041422017,5.9606482694,Mérignac,44.8210543,-0.6957446,2026-10-16T22:00:00Z,2026-10-24T21:59:59Z,48,709.2,1000,SUNRISE SUITE,VW California Ocean / Coast,SUNRISE SUITE,1.00,yes
257242,4563,Saint-Alban,2308,München,Saint-Alban,43.6991218,1.4012468,München,48.204,11.586,2026-10-18T22:00:00Z,2026-10-26T22:59:59Z,96,1298.9,1800,BEACH HOSTEL,VW California Beach,BEACH HOSTEL,129.00,no
257373,5196,Bielefeld,2287,Mérignac,Bielefeld,52.0844167,8.5072152,Mérignac,44.8210543,-0.6957446,2026-10-18T22:00:00Z,2026-10-26T22:59:59Z,96,1266.5,1800,SURFER SUITE,VW California Ocean,SURFER SUITE,129.00,no
258181,2853,Marburg,2287,Mérignac,Marburg,50.8298189,8.7682135,Mérignac,44.8210543,-0.6957446,2026-10-18T22:00:00Z,2026-10-26T22:59:59Z,96,1263.6,1800,ROAD HOUSE,Westfalia Eliseo C540 - Fiat Ducato 8,ROAD HOUSE,129.00,no
258402,3264,Cabriès,5329,Weyhe,Cabriès,43.4222409,5.366785,Weyhe,53.0138949,8.852995,2026-10-18T22:00:00Z,2026-10-26T22:59:59Z,96,1348.6,1800,BEACH HOSTEL,VW California Beach,BEACH HOSTEL,129.00,no
258526,2311,Champlan,2853,Marburg,Champlan,48.7003519,2.2864241,Marburg,50.8298189,8.7682135,2026-10-18T22:00:00Z,2026-10-26T22:59:59Z,48,651.9,1000,COUPLE COTTAGE,Weinsberg Signeo C590 - Ford Transit V363,COUPLE COTTAGE,1.00,yes
258555,5334,Roma,2853,Marburg,Roma,41.8066422,12.3245072,Marburg,50.8298189,8.7682135,2026-10-18T22:00:00Z,2026-10-26T22:59:59Z,96,1349.3,1800,FAMILY FINCA,VW Grand California 600 - VW Crafter 2,FAMILY FINCA,129.00,no
257380,2296,Hamburg,4634,Gattières,Hamburg,53.536977,10.077906,Gattières,43.7512549,7.1769177,2026-10-19T22:00:00Z,2026-10-27T22:59:59Z,96,1434.1,1800,SURFER SUITE,VW California Ocean,SURFER SUITE,129.00,no
257385,5327,Duisburg,2287,Mérignac,Duisburg,51.3955661,6.7519003,Mérignac,44.8210543,-0.6957446,2026-10-20T22:00:00Z,2026-10-28T22:59:59Z,72,1099.9,1400,CAMPER CABIN,Ford Nugget - Ford Transit Custom V710,CAMPER CABIN,129.00,no
257386,2308,München,2287,Mérignac,München,48.204,11.586,Mérignac,44.8210543,-0.6957446,2026-10-20T22:00:00Z,2026-10-28T22:59:59Z,96,1324.2,1800,CAMPER CABIN,Ford Nugget - Ford Transit Custom V710,CAMPER CABIN,129.00,no
258183,5481,Erfurt,2287,Mérignac,Erfurt,51.029912,11.00437,Mérignac,44.8210543,-0.6957446,2026-10-20T22:00:00Z,2026-10-28T22:59:59Z,96,1436.0,1800,SUNRISE SUITE,VW California Ocean / Coast,SUNRISE SUITE,129.00,no
258556,2297,Laatzen,2290,Dresden,Laatzen,52.2950765,9.8279686,Dresden,51.14,13.795,2026-10-20T22:00:00Z,2026-10-28T22:59:59Z,24,359.9,600,FAMILY FINCA,VW Grand California 600 - VW Crafter 2,FAMILY FINCA,1.00,yes
257389,2292,Frankfurt am Main,2287,Mérignac,Frankfurt am Main,50.1223914,8.754262,Mérignac,44.8210543,-0.6957446,2026-10-21T22:00:00Z,2026-10-29T22:59:59Z,72,1187.0,1400,SURFER SUITE,VW California Ocean,SURFER SUITE,129.00,no
258557,4615,Rotterdam,2853,Marburg,Rotterdam,51.8601602,4.3951066,Marburg,50.8298189,8.7682135,2026-10-21T22:00:00Z,2026-10-29T22:59:59Z,48,452.6,1000,ROAD HOUSE,Westfalia Eliseo C540 - Fiat Ducato 8,ROAD HOUSE,1.00,yes
254598,2309,Nantes,5428,Kastorf,Nantes,47.211,-1.565,Kastorf,53.7514563,10.5568582,2026-10-22T22:00:00Z,2026-10-30T22:59:59Z,96,1329.5,1800,BEACH HOSTEL,VW California Beach,BEACH HOSTEL,129.00,no
257393,2853,Marburg,2304,Madrid,Marburg,50.8298189,8.7682135,Madrid,40.395,-3.581,2026-10-22T22:00:00Z,2026-10-30T22:59:59Z,120,1938.2,2200,SURFER SUITE,VW California Ocean,SURFER SUITE,129.00,no
257396,2297,Laatzen,5334,Roma,Laatzen,52.2950765,9.8279686,Roma,41.8066422,12.3245072,2026-10-22T22:00:00Z,2026-10-30T22:59:59Z,96,1558.1,1800,SURFER SUITE,VW California Ocean,SURFER SUITE,129.00,no
257397,5204,Dormagen,3004,Zamudio,Dormagen,51.1072563,6.818826,Zamudio,43.2860962,-2.8741381,2026-10-22T22:00:00Z,2026-10-30T22:59:59Z,96,1407.8,1800,CAMPER CABIN,Ford Nugget - Ford Transit Custom V710,CAMPER CABIN,129.00,no
258759,3003,Málaga,2853,Marburg,Málaga,36.7264949,-4.5427975,Marburg,50.8298189,8.7682135,2026-10-22T22:00:00Z,2026-10-30T22:59:59Z,120,2368.2,2600,COUPLE COTTAGE,Weinsberg Signeo C590 - Ford Transit V363,COUPLE COTTAGE,129.00,no
256882,4615,Rotterdam,2292,Frankfurt am Main,Rotterdam,51.8601602,4.3951066,Frankfurt am Main,50.1223914,8.754262,2026-10-23T22:00:00Z,2026-10-31T22:59:59Z,48,460.3,1000,CAMPER CABIN DELUXE,Ford Nugget Plus - Ford Transit Custom V362,CAMPER CABIN DELUXE,1.00,yes
256883,2280,Amstelveen,2292,Frankfurt am Main,Amstelveen,52.283,4.835,Frankfurt am Main,50.1223914,8.754262,2026-10-23T22:00:00Z,2026-10-31T22:59:59Z,48,465.1,1000,SURFER SUITE,VW California Ocean,SURFER SUITE,1.00,yes
257404,2296,Hamburg,2287,Mérignac,Hamburg,53.536977,10.077906,Mérignac,44.8210543,-0.6957446,2026-10-23T22:00:00Z,2026-10-31T22:59:59Z,96,1482.9,1800,CAMPER CABIN,Ford Nugget - Ford Transit Custom V710,CAMPER CABIN,129.00,no
257411,2853,Marburg,3264,Cabriès,Marburg,50.8298189,8.7682135,Cabriès,43.4222409,5.366785,2026-10-23T22:00:00Z,2026-10-31T22:59:59Z,72,1083.5,1400,TRAVEL HOME,Mercedes Benz Marco Polo - V-Klasse,TRAVEL HOME,129.00,no
258540,2294,Saint-Jean-de-Gonville,2287,Mérignac,Saint-Jean-de-Gonville,46.2041422017,5.9606482694,Mérignac,44.8210543,-0.6957446,2026-10-23T22:00:00Z,2026-10-31T22:59:59Z,48,709.2,1000,COZY COTTAGE,Knaus Van TI Plus 650 MEG Platinum Selection - VW Crafter 2,COZY COTTAGE,1.00,yes
258542,2294,Saint-Jean-de-Gonville,2303,Dagneux,Saint-Jean-de-Gonville,46.2041422017,5.9606482694,Dagneux,45.8437954768,5.0627693224,2026-10-23T22:00:00Z,2026-10-31T22:59:59Z,24,127.3,600,COUPLE COTTAGE,Weinsberg Signeo C590 - Ford Transit V363,COUPLE COTTAGE,1.00,yes
257413,2853,Marburg,2304,Madrid,Marburg,50.8298189,8.7682135,Madrid,40.395,-3.581,2026-10-25T23:00:00Z,2026-11-02T22:59:59Z,120,1938.2,2200,SURFER SUITE,VW California Ocean,SURFER SUITE,129.00,no
257416,5481,Erfurt,3147,Venezia,Erfurt,51.029912,11.00437,Venezia,45.465832,12.175594,2026-10-25T23:00:00Z,2026-11-02T22:59:59Z,72,937.6,1400,BEACH HOSTEL,VW California Beach,BEACH HOSTEL,129.00,no
257418,2853,Marburg,3147,Venezia,Marburg,50.8298189,8.7682135,Venezia,45.465832,12.175594,2026-10-25T23:00:00Z,2026-11-02T22:59:59Z,72,997.7,1400,SURFER SUITE,VW California Ocean,SURFER SUITE,129.00,no
258461,2297,Laatzen,5334,Roma,Laatzen,52.2950765,9.8279686,Roma,41.8066422,12.3245072,2026-10-25T23:00:00Z,2026-11-02T22:59:59Z,96,1558.1,1800,FAMILY FINCA,VW Grand California 600 - VW Crafter 2,FAMILY FINCA,129.00,no
258559,5465,Bergamo,2853,Marburg,Bergamo,45.6057278,9.5843822,Marburg,50.8298189,8.7682135,2026-10-25T23:00:00Z,2026-11-02T22:59:59Z,48,780.8,1000,COUPLE COTTAGE,Weinsberg Signeo C590 - Ford Transit V363,COUPLE COTTAGE,1.00,yes
258560,3005,Göteborgs Stad,2296,Hamburg,Göteborgs Stad,57.6581514,11.9402265,Hamburg,53.536977,10.077906,2026-10-25T23:00:00Z,2026-11-02T22:59:59Z,48,632.3,1000,COUPLE COTTAGE,Weinsberg Signeo C590 - Ford Transit V363,COUPLE COTTAGE,1.00,yes
258561,5334,Roma,2300,Aach,Roma,41.8066422,12.3245072,Aach,47.833,8.863,2026-10-25T23:00:00Z,2026-11-02T22:59:59Z,72,963.4,1400,COUPLE COTTAGE,Weinsberg Signeo C590 - Ford Transit V363,COUPLE COTTAGE,129.00,no
258563,2309,Nantes,5204,Dormagen,Nantes,47.211,-1.565,Dormagen,51.1072563,6.818826,2026-10-25T23:00:00Z,2026-11-02T22:59:59Z,72,881.3,1400,FAMILY FINCA,VW Grand California 600 - VW Crafter 2,FAMILY FINCA,129.00,no
258564,2311,Champlan,2853,Marburg,Champlan,48.7003519,2.2864241,Marburg,50.8298189,8.7682135,2026-10-25T23:00:00Z,2026-11-02T22:59:59Z,48,651.9,1000,FAMILY FINCA,VW Grand California 600 - VW Crafter 2,FAMILY FINCA,1.00,yes
258566,2344,Staffanstorps kommun,2296,Hamburg,Staffanstorps kommun,55.6294891,13.1861958,Hamburg,53.536977,10.077906,2026-10-25T23:00:00Z,2026-11-02T22:59:59Z,24,372.7,600,ROAD HOUSE,Westfalia Eliseo C540 - Fiat Ducato 8,ROAD HOUSE,1.00,yes
258569,2281,Aartselaar,2853,Marburg,Aartselaar,51.130178,4.3749728,Marburg,50.8298189,8.7682135,2026-10-25T23:00:00Z,2026-11-02T22:59:59Z,48,409.9,1000,FAMILY FINCA,VW Grand California 600 - VW Crafter 2,FAMILY FINCA,1.00,yes
257437,2856,Korntal-Münchingen,4538,Sevilla,Korntal-Münchingen,48.8291562,9.1320567,Sevilla,37.346991,-5.8656901,2026-10-26T23:00:00Z,2026-11-03T22:59:59Z,120,2237.3,2600,SURFER SUITE,VW California Ocean,SURFER SUITE,129.00,no
257439,5929,Lille,2853,Marburg,Lille,50.56147,3.040016,Marburg,50.8298189,8.7682135,2026-10-26T23:00:00Z,2026-11-03T22:59:59Z,48,535.1,1000,BEACH HOSTEL,VW California Beach,BEACH HOSTEL,1.00,yes
258570,4634,Gattières,2856,Korntal-Münchingen,Gattières,43.7512549,7.1769177,Korntal-Münchingen,48.8291562,9.1320567,2026-10-26T23:00:00Z,2026-11-03T22:59:59Z,72,844.4,1400,COUPLE COTTAGE,Weinsberg Signeo C590 - Ford Transit V363,COUPLE COTTAGE,129.00,no
258572,3147,Venezia,2853,Marburg,Venezia,45.465832,12.175594,Marburg,50.8298189,8.7682135,2026-10-26T23:00:00Z,2026-11-03T22:59:59Z,72,997.7,1400,ROAD HOUSE,Westfalia Eliseo C540 - Fiat Ducato 8,ROAD HOUSE,129.00,no
258573,2281,Aartselaar,6073,Braunschweig,Aartselaar,51.130178,4.3749728,Braunschweig,52.3175833,10.48775,2026-10-26T23:00:00Z,2026-11-03T22:59:59Z,48,511.1,1000,CAMPER CASTLE,Fiat Tracer 680DL - Fiat Ducato Serie 2,CAMPER CASTLE,1.00,yes
258574,5928,Bologna,2853,Marburg,Bologna,44.5126788,11.1721537,Marburg,50.8298189,8.7682135,2026-10-26T23:00:00Z,2026-11-03T22:59:59Z,72,950.6,1400,CAMPER CASTLE,Fiat Tracer 680DL - Fiat Ducato Serie 2,CAMPER CASTLE,129.00,no
258575,4563,Saint-Alban,2856,Korntal-Münchingen,Saint-Alban,43.6991218,1.4012468,Korntal-Münchingen,48.8291562,9.1320567,2026-10-26T23:00:00Z,2026-11-03T22:59:59Z,72,1088.1,1400,CAMPER CASTLE,Fiat Tracer 680DL - Fiat Ducato Serie 2,CAMPER CASTLE,129.00,no
258579,2289,Sint-Pieters-Leeuw,2853,Marburg,Sint-Pieters-Leeuw,50.760643,4.2515687,Marburg,50.8298189,8.7682135,2026-10-26T23:00:00Z,2026-11-03T22:59:59Z,48,442.7,1000,ROAD HOUSE,Westfalia Eliseo C540 - Fiat Ducato 8,ROAD HOUSE,1.00,yes
258580,2309,Nantes,5204,Dormagen,Nantes,47.211,-1.565,Dormagen,51.1072563,6.818826,2026-10-26T23:00:00Z,2026-11-03T22:59:59Z,72,881.3,1400,ROAD HOUSE,Westfalia Eliseo C540 - Fiat Ducato 8,ROAD HOUSE,129.00,no
258581,2311,Champlan,2853,Marburg,Champlan,48.7003519,2.2864241,Marburg,50.8298189,8.7682135,2026-10-26T23:00:00Z,2026-11-03T22:59:59Z,48,651.9,1000,ROAD HOUSE,Westfalia Eliseo C540 - Fiat Ducato 8,ROAD HOUSE,1.00,yes
258582,2294,Saint-Jean-de-Gonville,2853,Marburg,Saint-Jean-de-Gonville,46.2041422017,5.9606482694,Marburg,50.8298189,8.7682135,2026-10-26T23:00:00Z,2026-11-03T22:59:59Z,48,663.4,1000,COZY COTTAGE,Knaus Van TI Plus 650 MEG Platinum Selection - VW Crafter 2,COZY COTTAGE,1.00,yes
258583,3147,Venezia,2308,München,Venezia,45.465832,12.175594,München,48.204,11.586,2026-10-26T23:00:00Z,2026-11-03T22:59:59Z,48,552.1,1000,ROAD HOUSE,Westfalia Eliseo C540 - Fiat Ducato 8,ROAD HOUSE,1.00,yes
258584,5584,Leipzig,5455,Ettlingenweier,Leipzig,51.3455043,12.4650845,Ettlingenweier,48.9368603,8.3765681,2026-10-27T23:00:00Z,2026-11-04T22:59:59Z,48,543.6,1000,FAMILY FINCA,VW Grand California 600 - VW Crafter 2,FAMILY FINCA,1.00,yes
258585,4597,Wiesing,5339,Wangen,Wiesing,47.3942751,11.7900063,Wangen,47.6856282,9.8381343,2026-10-27T23:00:00Z,2026-11-04T22:59:59Z,24,221.5,600,FAMILY FINCA,VW Grand California 600 - VW Crafter 2,FAMILY FINCA,1.00,yes
258586,3264,Cabriès,2293,Ihringen,Cabriès,43.4222409,5.366785,Ihringen,48.0365254,7.6478617,2026-10-27T23:00:00Z,2026-11-04T22:59:59Z,48,731.8,1000,CAMPER CASTLE,Fiat Tracer 680DL - Fiat Ducato Serie 2,CAMPER CASTLE,1.00,yes
258587,2303,Dagneux,2853,Marburg,Dagneux,45.8437954768,5.0627693224,Marburg,50.8298189,8.7682135,2026-10-27T23:00:00Z,2026-11-04T22:59:59Z,48,757.3,1000,COZY COTTAGE,Knaus Van TI Plus 650 MEG Platinum Selection - VW Crafter 2,COZY COTTAGE,1.00,yes
258588,2289,Sint-Pieters-Leeuw,2853,Marburg,Sint-Pieters-Leeuw,50.760643,4.2515687,Marburg,50.8298189,8.7682135,2026-10-27T23:00:00Z,2026-11-04T22:59:59Z,48,442.7,1000,FAMILY FINCA,VW Grand California 600 - VW Crafter 2,FAMILY FINCA,1.00,yes
258589,2294,Saint-Jean-de-Gonville,2853,Marburg,Saint-Jean-de-Gonville,46.2041422017,5.9606482694,Marburg,50.8298189,8.7682135,2026-10-27T23:00:00Z,2026-11-04T22:59:59Z,48,663.4,1000,FAMILY FINCA,VW Grand California 600 - VW Crafter 2,FAMILY FINCA,1.00,yes
258590,2304,Madrid,2300,Aach,Madrid,40.395,-3.581,Aach,47.833,8.863,2026-10-27T23:00:00Z,2026-11-04T22:59:59Z,120,1729.7,2200,FAMILY FINCA,VW Grand California 600 - VW Crafter 2,FAMILY FINCA,129.00,no
258592,2281,Aartselaar,2853,Marburg,Aartselaar,51.130178,4.3749728,Marburg,50.8298189,8.7682135,2026-10-27T23:00:00Z,2026-11-04T22:59:59Z,48,409.9,1000,ROAD HOUSE,Westfalia Eliseo C540 - Fiat Ducato 8,ROAD HOUSE,1.00,yes
258593,2287,Mérignac,2856,Korntal-Münchingen,Mérignac,44.8210543,-0.6957446,Korntal-Münchingen,48.8291562,9.1320567,2026-10-27T23:00:00Z,2026-11-04T22:59:59Z,72,1104.7,1400,ROAD HOUSE,Westfalia Eliseo C540 - Fiat Ducato 8,ROAD HOUSE,129.00,no
258596,2282,Viladecans,2293,Ihringen,Viladecans,41.3206,2.0303,Ihringen,48.0365254,7.6478617,2026-10-27T23:00:00Z,2026-11-04T22:59:59Z,72,1077.3,1400,TRAVEL HOME,Mercedes Benz Marco Polo - V-Klasse,TRAVEL HOME,129.00,no
257918,2280,Amstelveen,2853,Marburg,Amstelveen,52.283,4.835,Marburg,50.8298189,8.7682135,2026-10-28T23:00:00Z,2026-11-05T22:59:59Z,48,435.7,1000,SURFER SUITE,VW California Ocean,SURFER SUITE,1.00,yes
258597,2303,Dagneux,2293,Ihringen,Dagneux,45.8437954768,5.0627693224,Ihringen,48.0365254,7.6478617,2026-10-28T23:00:00Z,2026-11-05T22:59:59Z,48,405.7,1000,BEACH HOSTEL,VW California Beach,BEACH HOSTEL,1.00,yes
258598,2304,Madrid,2856,Korntal-Münchingen,Madrid,40.395,-3.581,Korntal-Münchingen,48.8291562,9.1320567,2026-10-28T23:00:00Z,2026-11-05T22:59:59Z,120,1778.3,2200,CAMPER CASTLE,Fiat Tracer 680DL - Fiat Ducato Serie 2,CAMPER CASTLE,129.00,no
258599,2289,Sint-Pieters-Leeuw,2853,Marburg,Sint-Pieters-Leeuw,50.760643,4.2515687,Marburg,50.8298189,8.7682135,2026-10-28T23:00:00Z,2026-11-05T22:59:59Z,48,442.7,1000,FAMILY FINCA,VW Grand California 600 - VW Crafter 2,FAMILY FINCA,1.00,yes
258600,5285,Graz,5449,Gersthofen,Graz,47.0370114,15.4782465,Gersthofen,48.4312776,10.8644175,2026-10-28T23:00:00Z,2026-11-05T22:59:59Z,48,476.9,1000,FAMILY FINCA,VW Grand California 600 - VW Crafter 2,FAMILY FINCA,1.00,yes
258601,4597,Wiesing,2853,Marburg,Wiesing,47.3942751,11.7900063,Marburg,50.8298189,8.7682135,2026-10-28T23:00:00Z,2026-11-05T22:59:59Z,48,610.7,1000,FAMILY FINCA,VW Grand California 600 - VW Crafter 2,FAMILY FINCA,1.00,yes
258602,3142,Castellanza,2853,Marburg,Castellanza,45.6052218,8.8869713,Marburg,50.8298189,8.7682135,2026-10-28T23:00:00Z,2026-11-05T22:59:59Z,48,740.4,1000,FAMILY FINCA,VW Grand California 600 - VW Crafter 2,FAMILY FINCA,1.00,yes
258603,5465,Bergamo,2853,Marburg,Bergamo,45.6057278,9.5843822,Marburg,50.8298189,8.7682135,2026-10-28T23:00:00Z,2026-11-05T22:59:59Z,48,780.8,1000,ROAD HOUSE,Westfalia Eliseo C540 - Fiat Ducato 8,ROAD HOUSE,1.00,yes
258604,2287,Mérignac,2853,Marburg,Mérignac,44.8210543,-0.6957446,Marburg,50.8298189,8.7682135,2026-10-28T23:00:00Z,2026-11-05T22:59:59Z,96,1263.6,1800,ROAD HOUSE,Westfalia Eliseo C540 - Fiat Ducato 8,ROAD HOUSE,129.00,no
258605,2294,Saint-Jean-de-Gonville,2853,Marburg,Saint-Jean-de-Gonville,46.2041422017,5.9606482694,Marburg,50.8298189,8.7682135,2026-10-28T23:00:00Z,2026-11-05T22:59:59Z,48,663.4,1000,ROAD HOUSE,Westfalia Eliseo C540 - Fiat Ducato 8,ROAD HOUSE,1.00,yes
258606,4743,València,2856,Korntal-Münchingen,València,39.3560142,-0.458987,Korntal-Münchingen,48.8291562,9.1320567,2026-10-28T23:00:00Z,2026-11-05T22:59:59Z,120,1621.7,2200,FAMILY FINCA,VW Grand California 600 - VW Crafter 2,FAMILY FINCA,129.00,no
258608,2303,Dagneux,2853,Marburg,Dagneux,45.8437954768,5.0627693224,Marburg,50.8298189,8.7682135,2026-10-29T23:00:00Z,2026-11-06T22:59:59Z,48,757.3,1000,CAMPER CABIN,Ford Nugget - Ford Transit Custom V710,CAMPER CABIN,1.00,yes
258609,5465,Bergamo,2853,Marburg,Bergamo,45.6057278,9.5843822,Marburg,50.8298189,8.7682135,2026-10-29T23:00:00Z,2026-11-06T22:59:59Z,48,780.8,1000,CAMPER CASTLE,Fiat Tracer 680DL - Fiat Ducato Serie 2,CAMPER CASTLE,1.00,yes
258610,5334,Roma,2300,Aach,Roma,41.8066422,12.3245072,Aach,47.833,8.863,2026-10-29T23:00:00Z,2026-11-06T22:59:59Z,72,963.4,1400,CAMPER CASTLE,Fiat Tracer 680DL - Fiat Ducato Serie 2,CAMPER CASTLE,129.00,no
258612,3004,Zamudio,2293,Ihringen,Zamudio,43.2860962,-2.8741381,Ihringen,48.0365254,7.6478617,2026-10-29T23:00:00Z,2026-11-06T22:59:59Z,96,1228.7,1800,FAMILY FINCA,VW Grand California 600 - VW Crafter 2,FAMILY FINCA,129.00,no
258613,2287,Mérignac,2293,Ihringen,Mérignac,44.8210543,-0.6957446,Ihringen,48.0365254,7.6478617,2026-10-29T23:00:00Z,2026-11-06T22:59:59Z,72,918.6,1400,FAMILY FINCA,VW Grand California 600 - VW Crafter 2,FAMILY FINCA,129.00,no
258614,3144,Goussainville,5327,Duisburg,Goussainville,49.0215141,2.4857868,Duisburg,51.3955661,6.7519003,2026-10-29T23:00:00Z,2026-11-06T22:59:59Z,48,490.8,1000,FAMILY FINCA,VW Grand California 600 - VW Crafter 2,FAMILY FINCA,1.00,yes
258615,2281,Aartselaar,2853,Marburg,Aartselaar,51.130178,4.3749728,Marburg,50.8298189,8.7682135,2026-10-29T23:00:00Z,2026-11-06T22:59:59Z,48,409.9,1000,ROAD HOUSE,Westfalia Eliseo C540 - Fiat Ducato 8,ROAD HOUSE,1.00,yes
258707,2289,Sint-Pieters-Leeuw,2853,Marburg,Sint-Pieters-Leeuw,50.760643,4.2515687,Marburg,50.8298189,8.7682135,2026-10-29T23:00:00Z,2026-11-06T22:59:59Z,48,442.7,1000,ROAD HOUSE,Westfalia Eliseo C540 - Fiat Ducato 8,ROAD HOUSE,1.00,yes
258708,2325,Wiener Neudorf,2308,München,Wiener Neudorf,48.133222,16.2935458,München,48.204,11.586,2026-10-29T23:00:00Z,2026-11-06T22:59:59Z,48,411.8,1000,CAMPER CABIN DELUXE,Ford Nugget Plus - Ford Transit Custom V362,CAMPER CABIN DELUXE,1.00,yes
258709,2304,Madrid,2856,Korntal-Münchingen,Madrid,40.395,-3.581,Korntal-Münchingen,48.8291562,9.1320567,2026-10-29T23:00:00Z,2026-11-06T22:59:59Z,120,1778.3,2200,SURFER SUITE,VW California Ocean,SURFER SUITE,129.00,no
258710,2309,Nantes,5204,Dormagen,Nantes,47.211,-1.565,Dormagen,51.1072563,6.818826,2026-10-29T23:00:00Z,2026-11-06T22:59:59Z,72,881.3,1400,SURFER SUITE,VW California Ocean,SURFER SUITE,129.00,no
258711,4538,Sevilla,2293,Ihringen,Sevilla,37.346991,-5.8656901,Ihringen,48.0365254,7.6478617,2026-10-29T23:00:00Z,2026-11-06T22:59:59Z,120,2046.2,2600,SURFER SUITE,VW California Ocean,SURFER SUITE,129.00,no
258712,3147,Venezia,2308,München,Venezia,45.465832,12.175594,München,48.204,11.586,2026-10-29T23:00:00Z,2026-11-06T22:59:59Z,48,552.1,1000,SURFER SUITE,VW California Ocean,SURFER SUITE,1.00,yes
258617,2281,Aartselaar,6056,Flensburg,Aartselaar,51.130178,4.3749728,Flensburg,54.7592222,9.4163333,2026-10-30T23:00:00Z,2026-11-07T22:59:59Z,48,714.3,1000,BEACH HOSTEL,VW California Beach,BEACH HOSTEL,1.00,yes
258618,3004,Zamudio,2293,Ihringen,Zamudio,43.2860962,-2.8741381,Ihringen,48.0365254,7.6478617,2026-10-30T23:00:00Z,2026-11-07T22:59:59Z,96,1228.7,1800,BEACH HOSTEL,VW California Beach,BEACH HOSTEL,129.00,no
258619,2287,Mérignac,2856,Korntal-Münchingen,Mérignac,44.8210543,-0.6957446,Korntal-Münchingen,48.8291562,9.1320567,2026-10-30T23:00:00Z,2026-11-07T22:59:59Z,72,1104.7,1400,BEACH HOSTEL,VW California Beach,BEACH HOSTEL,129.00,no
258620,5334,Roma,2300,Aach,Roma,41.8066422,12.3245072,Aach,47.833,8.863,2026-10-30T23:00:00Z,2026-11-07T22:59:59Z,72,963.4,1400,BEACH HOSTEL,VW California Beach,BEACH HOSTEL,129.00,no
258621,2282,Viladecans,2293,Ihringen,Viladecans,41.3206,2.0303,Ihringen,48.0365254,7.6478617,2026-10-30T23:00:00Z,2026-11-07T22:59:59Z,72,1077.3,1400,COZY COTTAGE,Knaus Van TI Plus 650 MEG Platinum Selection - VW Crafter 2,COZY COTTAGE,129.00,no
258623,2321,Turin,2308,München,Turin,45.112,7.6751,München,48.204,11.586,2026-10-30T23:00:00Z,2026-11-07T22:59:59Z,48,615.6,1000,FAMILY FINCA,VW Grand California 600 - VW Crafter 2,FAMILY FINCA,1.00,yes
258625,2304,Madrid,2856,Korntal-Münchingen,Madrid,40.395,-3.581,Korntal-Münchingen,48.8291562,9.1320567,2026-10-30T23:00:00Z,2026-11-07T22:59:59Z,120,1778.3,2200,SURFER SUITE,VW California Ocean,SURFER SUITE,129.00,no
258626,3264,Cabriès,2293,Ihringen,Cabriès,43.4222409,5.366785,Ihringen,48.0365254,7.6478617,2026-10-30T23:00:00Z,2026-11-07T22:59:59Z,48,731.8,1000,SURFER SUITE,VW California Ocean,SURFER SUITE,1.00,yes
258627,4563,Saint-Alban,2856,Korntal-Münchingen,Saint-Alban,43.6991218,1.4012468,Korntal-Münchingen,48.8291562,9.1320567,2026-10-30T23:00:00Z,2026-11-07T22:59:59Z,72,1088.1,1400,TRAVEL HOME,Mercedes Benz Marco Polo - V-Klasse,TRAVEL HOME,129.00,no
258628,5334,Roma,2297,Laatzen,Roma,41.8066422,12.3245072,Laatzen,52.2950765,9.8279686,2026-11-01T23:00:00Z,2026-11-09T22:59:59Z,96,1558.1,1800,BEACH HOSTEL,VW California Beach,BEACH HOSTEL,129.00,no
258629,3004,Zamudio,5481,Erfurt,Zamudio,43.2860962,-2.8741381,Erfurt,51.029912,11.00437,2026-11-01T23:00:00Z,2026-11-09T22:59:59Z,120,1749.7,2200,BEACH HOSTEL,VW California Beach,BEACH HOSTEL,129.00,no
258630,3147,Venezia,2308,München,Venezia,45.465832,12.175594,München,48.204,11.586,2026-11-01T23:00:00Z,2026-11-09T22:59:59Z,48,552.1,1000,CAMPER CABIN,Ford Nugget - Ford Transit Custom V710,CAMPER CABIN,1.00,yes
258631,2311,Champlan,2853,Marburg,Champlan,48.7003519,2.2864241,Marburg,50.8298189,8.7682135,2026-11-01T23:00:00Z,2026-11-09T22:59:59Z,48,651.9,1000,CAMPER CABIN DELUXE,Ford Nugget Plus - Ford Transit Custom V362,CAMPER CABIN DELUXE,1.00,yes
258632,5334,Roma,2300,Aach,Roma,41.8066422,12.3245072,Aach,47.833,8.863,2026-11-01T23:00:00Z,2026-11-09T22:59:59Z,72,963.4,1400,COUPLE COTTAGE,Weinsberg Signeo C590 - Ford Transit V363,COUPLE COTTAGE,129.00,no
258633,3142,Castellanza,2853,Marburg,Castellanza,45.6052218,8.8869713,Marburg,50.8298189,8.7682135,2026-11-01T23:00:00Z,2026-11-09T22:59:59Z,48,740.4,1000,FAMILY FINCA,VW Grand California 600 - VW Crafter 2,FAMILY FINCA,1.00,yes
258635,2321,Turin,2853,Marburg,Turin,45.112,7.6751,Marburg,50.8298189,8.7682135,2026-11-01T23:00:00Z,2026-11-09T22:59:59Z,72,822.0,1400,FAMILY FINCA,VW Grand California 600 - VW Crafter 2,FAMILY FINCA,129.00,no
258636,3264,Cabriès,2853,Marburg,Cabriès,43.4222409,5.366785,Marburg,50.8298189,8.7682135,2026-11-01T23:00:00Z,2026-11-09T22:59:59Z,72,1083.5,1400,ROAD HOUSE,Westfalia Eliseo C540 - Fiat Ducato 8,ROAD HOUSE,129.00,no
258638,3004,Zamudio,2293,Ihringen,Zamudio,43.2860962,-2.8741381,Ihringen,48.0365254,7.6478617,2026-11-01T23:00:00Z,2026-11-09T22:59:59Z,96,1228.7,1800,ROAD HOUSE,Westfalia Eliseo C540 - Fiat Ducato 8,ROAD HOUSE,129.00,no
258639,3147,Venezia,2853,Marburg,Venezia,45.465832,12.175594,Marburg,50.8298189,8.7682135,2026-11-01T23:00:00Z,2026-11-09T22:59:59Z,72,997.7,1400,ROAD HOUSE,Westfalia Eliseo C540 - Fiat Ducato 8,ROAD HOUSE,129.00,no
258640,2281,Aartselaar,2297,Laatzen,Aartselaar,51.130178,4.3749728,Laatzen,52.2950765,9.8279686,2026-11-01T23:00:00Z,2026-11-09T22:59:59Z,48,467.1,1000,SURFER SUITE,VW California Ocean,SURFER SUITE,1.00,yes
258641,3253,Florence,2853,Marburg,Florence,43.8571098,11.0998016,Marburg,50.8298189,8.7682135,2026-11-01T23:00:00Z,2026-11-09T22:59:59Z,72,1044.6,1400,SURFER SUITE,VW California Ocean,SURFER SUITE,129.00,no
258642,5285,Graz,2853,Marburg,Graz,47.0370114,15.4782465,Marburg,50.8298189,8.7682135,2026-11-01T23:00:00Z,2026-11-09T22:59:59Z,72,807.8,1400,SURFER SUITE,VW California Ocean,SURFER SUITE,129.00,no
258644,4615,Rotterdam,2292,Frankfurt am Main,Rotterdam,51.8601602,4.3951066,Frankfurt am Main,50.1223914,8.754262,2026-11-01T23:00:00Z,2026-11-09T22:59:59Z,48,460.3,1000,ROAD HOUSE,Westfalia Eliseo C540 - Fiat Ducato 8,ROAD HOUSE,1.00,yes
258645,4615,Rotterdam,2853,Marburg,Rotterdam,51.8601602,4.3951066,Marburg,50.8298189,8.7682135,2026-11-01T23:00:00Z,2026-11-09T22:59:59Z,48,452.6,1000,ROAD HOUSE,Westfalia Eliseo C540 - Fiat Ducato 8,ROAD HOUSE,1.00,yes
258646,4538,Sevilla,5329,Weyhe,Sevilla,37.346991,-5.8656901,Weyhe,53.0138949,8.852995,2026-11-02T23:00:00Z,2026-11-10T22:59:59Z,120,2539.4,2800,SURFER SUITE,VW California Ocean,SURFER SUITE,129.00,no
258647,3142,Castellanza,2853,Marburg,Castellanza,45.6052218,8.8869713,Marburg,50.8298189,8.7682135,2026-11-02T23:00:00Z,2026-11-10T22:59:59Z,48,740.4,1000,BEACH HOSTEL,VW California Beach,BEACH HOSTEL,1.00,yes
258649,2287,Mérignac,2853,Marburg,Mérignac,44.8210543,-0.6957446,Marburg,50.8298189,8.7682135,2026-11-02T23:00:00Z,2026-11-10T22:59:59Z,96,1263.6,1800,FAMILY FINCA,VW Grand California 600 - VW Crafter 2,FAMILY FINCA,129.00,no
258650,2289,Sint-Pieters-Leeuw,2853,Marburg,Sint-Pieters-Leeuw,50.760643,4.2515687,Marburg,50.8298189,8.7682135,2026-11-02T23:00:00Z,2026-11-10T22:59:59Z,48,442.7,1000,FAMILY FINCA,VW Grand California 600 - VW Crafter 2,FAMILY FINCA,1.00,yes
258652,2325,Wiener Neudorf,2853,Marburg,Wiener Neudorf,48.133222,16.2935458,Marburg,50.8298189,8.7682135,2026-11-02T23:00:00Z,2026-11-10T22:59:59Z,72,804.1,1400,FAMILY FINCA,VW Grand California 600 - VW Crafter 2,FAMILY FINCA,129.00,no
258653,2281,Aartselaar,2853,Marburg,Aartselaar,51.130178,4.3749728,Marburg,50.8298189,8.7682135,2026-11-02T23:00:00Z,2026-11-10T22:59:59Z,48,409.9,1000,ROAD HOUSE,Westfalia Eliseo C540 - Fiat Ducato 8,ROAD HOUSE,1.00,yes
258654,5929,Lille,2853,Marburg,Lille,50.56147,3.040016,Marburg,50.8298189,8.7682135,2026-11-02T23:00:00Z,2026-11-10T22:59:59Z,48,535.1,1000,ROAD HOUSE,Westfalia Eliseo C540 - Fiat Ducato 8,ROAD HOUSE,1.00,yes
258655,2282,Viladecans,2856,Korntal-Münchingen,Viladecans,41.3206,2.0303,Korntal-Münchingen,48.8291562,9.1320567,2026-11-02T23:00:00Z,2026-11-10T22:59:59Z,96,1269.4,1800,ROAD HOUSE,Westfalia Eliseo C540 - Fiat Ducato 8,ROAD HOUSE,129.00,no
258657,2282,Viladecans,2293,Ihringen,Viladecans,41.3206,2.0303,Ihringen,48.0365254,7.6478617,2026-11-02T23:00:00Z,2026-11-10T22:59:59Z,72,1077.3,1400,SUNRISE SUITE,VW California Ocean / Coast,SUNRISE SUITE,129.00,no
258659,2311,Champlan,2853,Marburg,Champlan,48.7003519,2.2864241,Marburg,50.8298189,8.7682135,2026-11-02T23:00:00Z,2026-11-10T22:59:59Z,48,651.9,1000,SUNRISE SUITE,VW California Ocean / Coast,SUNRISE SUITE,1.00,yes
258660,3264,Cabriès,2853,Marburg,Cabriès,43.4222409,5.366785,Marburg,50.8298189,8.7682135,2026-11-02T23:00:00Z,2026-11-10T22:59:59Z,72,1083.5,1400,SURFER SUITE,VW California Ocean,SURFER SUITE,129.00,no
258661,2303,Dagneux,2853,Marburg,Dagneux,45.8437954768,5.0627693224,Marburg,50.8298189,8.7682135,2026-11-02T23:00:00Z,2026-11-10T22:59:59Z,48,757.3,1000,SURFER SUITE,VW California Ocean,SURFER SUITE,1.00,yes
258662,2304,Madrid,2856,Korntal-Münchingen,Madrid,40.395,-3.581,Korntal-Münchingen,48.8291562,9.1320567,2026-11-02T23:00:00Z,2026-11-10T22:59:59Z,120,1778.3,2200,SURFER SUITE,VW California Ocean,SURFER SUITE,129.00,no
258665,4615,Rotterdam,2853,Marburg,Rotterdam,51.8601602,4.3951066,Marburg,50.8298189,8.7682135,2026-11-02T23:00:00Z,2026-11-10T22:59:59Z,48,452.6,1000,SURFER SUITE,VW California Ocean,SURFER SUITE,1.00,yes
258523,5428,Kastorf,5465,Bergamo,Kastorf,53.7514563,10.5568582,Bergamo,45.6057278,9.5843822,2026-11-03T23:00:00Z,2026-11-11T22:59:59Z,72,1186.1,1400,SURFER SUITE,VW California Ocean,SURFER SUITE,129.00,no
258666,4538,Sevilla,2853,Marburg,Sevilla,37.346991,-5.8656901,Marburg,50.8298189,8.7682135,2026-11-03T23:00:00Z,2026-11-11T22:59:59Z,120,2415.1,2800,SURFER SUITE,VW California Ocean,SURFER SUITE,129.00,no
258667,2303,Dagneux,2853,Marburg,Dagneux,45.8437954768,5.0627693224,Marburg,50.8298189,8.7682135,2026-11-03T23:00:00Z,2026-11-11T22:59:59Z,48,757.3,1000,CAMPER CABIN DELUXE,Ford Nugget Plus - Ford Transit Custom V362,CAMPER CABIN DELUXE,1.00,yes
258668,2289,Sint-Pieters-Leeuw,2853,Marburg,Sint-Pieters-Leeuw,50.760643,4.2515687,Marburg,50.8298189,8.7682135,2026-11-03T23:00:00Z,2026-11-11T22:59:59Z,48,442.7,1000,ROAD HOUSE,Westfalia Eliseo C540 - Fiat Ducato 8,ROAD HOUSE,1.00,yes
258670,2309,Nantes,2853,Marburg,Nantes,47.211,-1.565,Marburg,50.8298189,8.7682135,2026-11-03T23:00:00Z,2026-11-11T22:59:59Z,72,1045.0,1400,ROAD HOUSE,Westfalia Eliseo C540 - Fiat Ducato 8,ROAD HOUSE,129.00,no
258671,5928,Bologna,2853,Marburg,Bologna,44.5126788,11.1721537,Marburg,50.8298189,8.7682135,2026-11-03T23:00:00Z,2026-11-11T22:59:59Z,72,950.6,1400,SURFER SUITE,VW California Ocean,SURFER SUITE,129.00,no
258672,2294,Saint-Jean-de-Gonville,2853,Marburg,Saint-Jean-de-Gonville,46.2041422017,5.9606482694,Marburg,50.8298189,8.7682135,2026-11-03T23:00:00Z,2026-11-11T22:59:59Z,48,663.4,1000,SURFER SUITE,VW California Ocean,SURFER SUITE,1.00,yes
258673,3142,Castellanza,2853,Marburg,Castellanza,45.6052218,8.8869713,Marburg,50.8298189,8.7682135,2026-11-03T23:00:00Z,2026-11-11T22:59:59Z,48,740.4,1000,SURFER SUITE,VW California Ocean,SURFER SUITE,1.00,yes
258675,4634,Gattières,2853,Marburg,Gattières,43.7512549,7.1769177,Marburg,50.8298189,8.7682135,2026-11-03T23:00:00Z,2026-11-11T22:59:59Z,72,1078.6,1400,SURFER SUITE,VW California Ocean,SURFER SUITE,129.00,no
258676,2311,Champlan,2853,Marburg,Champlan,48.7003519,2.2864241,Marburg,50.8298189,8.7682135,2026-11-03T23:00:00Z,2026-11-11T22:59:59Z,48,651.9,1000,SURFER SUITE,VW California Ocean,SURFER SUITE,1.00,yes
258677,5334,Roma,2300,Aach,Roma,41.8066422,12.3245072,Aach,47.833,8.863,2026-11-03T23:00:00Z,2026-11-11T22:59:59Z,72,963.4,1400,SURFER SUITE,VW California Ocean,SURFER SUITE,129.00,no
258678,4563,Saint-Alban,2853,Marburg,Saint-Alban,43.6991218,1.4012468,Marburg,50.8298189,8.7682135,2026-11-03T23:00:00Z,2026-11-11T22:59:59Z,96,1247.7,1800,SURFER SUITE,VW California Ocean,SURFER SUITE,129.00,no
258679,2321,Turin,2853,Marburg,Turin,45.112,7.6751,Marburg,50.8298189,8.7682135,2026-11-03T23:00:00Z,2026-11-11T22:59:59Z,72,822.0,1400,SURFER SUITE,VW California Ocean,SURFER SUITE,129.00,no
258680,5490,Salzburg,2308,München,Salzburg,47.825903,13.0322279,München,48.204,11.586,2026-11-03T23:00:00Z,2026-11-11T22:59:59Z,24,162.9,600,FAMILY FINCA,VW Grand California 600 - VW Crafter 2,FAMILY FINCA,1.00,yes
258071,2294,Saint-Jean-de-Gonville,2853,Marburg,Saint-Jean-de-Gonville,46.2041422017,5.9606482694,Marburg,50.8298189,8.7682135,2026-11-04T23:00:00Z,2026-11-12T22:59:59Z,48,663.4,1000,SURFER SUITE,VW California Ocean,SURFER SUITE,1.00,yes
258681,2294,Saint-Jean-de-Gonville,2283,Berlin,Saint-Jean-de-Gonville,46.2041422017,5.9606482694,Berlin,52.562672,13.3253709,2026-11-04T23:00:00Z,2026-11-12T22:59:59Z,72,1114.4,1400,SURFER SUITE,VW California Ocean,SURFER SUITE,129.00,no
258683,2321,Turin,2853,Marburg,Turin,45.112,7.6751,Marburg,50.8298189,8.7682135,2026-11-04T23:00:00Z,2026-11-12T22:59:59Z,72,822.0,1400,BEACH HOSTEL,VW California Beach,BEACH HOSTEL,129.00,no
258684,2287,Mérignac,2853,Marburg,Mérignac,44.8210543,-0.6957446,Marburg,50.8298189,8.7682135,2026-11-04T23:00:00Z,2026-11-12T22:59:59Z,96,1263.6,1800,CAMPER CABIN,Ford Nugget - Ford Transit Custom V710,CAMPER CABIN,129.00,no
258685,3144,Goussainville,2853,Marburg,Goussainville,49.0215141,2.4857868,Marburg,50.8298189,8.7682135,2026-11-04T23:00:00Z,2026-11-12T22:59:59Z,48,666.3,1000,CAMPER CABIN DELUXE,Ford Nugget Plus - Ford Transit Custom V362,CAMPER CABIN DELUXE,1.00,yes
258686,3253,Florence,2300,Aach,Florence,43.8571098,11.0998016,Aach,47.833,8.863,2026-11-04T23:00:00Z,2026-11-12T22:59:59Z,48,764.3,1000,CAMPER CASTLE,Fiat Tracer 680DL - Fiat Ducato Serie 2,CAMPER CASTLE,1.00,yes
258687,3264,Cabriès,2853,Marburg,Cabriès,43.4222409,5.366785,Marburg,50.8298189,8.7682135,2026-11-04T23:00:00Z,2026-11-12T22:59:59Z,72,1083.5,1400,ROAD HOUSE,Westfalia Eliseo C540 - Fiat Ducato 8,ROAD HOUSE,129.00,no
258689,5334,Roma,2300,Aach,Roma,41.8066422,12.3245072,Aach,47.833,8.863,2026-11-04T23:00:00Z,2026-11-12T22:59:59Z,72,963.4,1400,ROAD HOUSE,Westfalia Eliseo C540 - Fiat Ducato 8,ROAD HOUSE,129.00,no
258690,5465,Bergamo,2853,Marburg,Bergamo,45.6057278,9.5843822,Marburg,50.8298189,8.7682135,2026-11-04T23:00:00Z,2026-11-12T22:59:59Z,48,780.8,1000,SURFER SUITE,VW California Ocean,SURFER SUITE,1.00,yes
258692,2304,Madrid,2856,Korntal-Münchingen,Madrid,40.395,-3.581,Korntal-Münchingen,48.8291562,9.1320567,2026-11-04T23:00:00Z,2026-11-12T22:59:59Z,120,1778.3,2200,SURFER SUITE,VW California Ocean,SURFER SUITE,129.00,no
258693,4634,Gattières,5327,Duisburg,Gattières,43.7512549,7.1769177,Duisburg,51.3955661,6.7519003,2026-11-04T23:00:00Z,2026-11-12T22:59:59Z,96,1287.7,1800,SURFER SUITE,VW California Ocean,SURFER SUITE,129.00,no
258772,4563,Saint-Alban,5334,Roma,Saint-Alban,43.6991218,1.4012468,Roma,41.8066422,12.3245072,2026-11-04T23:00:00Z,2026-11-12T22:59:59Z,96,1245.5,1800,CAMPER CASTLE,Fiat Tracer 680DL - Fiat Ducato Serie 2,CAMPER CASTLE,129.00,no
258694,5929,Lille,2853,Marburg,Lille,50.56147,3.040016,Marburg,50.8298189,8.7682135,2026-11-05T23:00:00Z,2026-11-13T22:59:59Z,48,535.1,1000,BEACH HOSTEL,VW California Beach,BEACH HOSTEL,1.00,yes
258695,2311,Champlan,2853,Marburg,Champlan,48.7003519,2.2864241,Marburg,50.8298189,8.7682135,2026-11-05T23:00:00Z,2026-11-13T22:59:59Z,48,651.9,1000,BEACH HOSTEL,VW California Beach,BEACH HOSTEL,1.00,yes
258696,3144,Goussainville,2853,Marburg,Goussainville,49.0215141,2.4857868,Marburg,50.8298189,8.7682135,2026-11-05T23:00:00Z,2026-11-13T22:59:59Z,48,666.3,1000,BEACH HOSTEL,VW California Beach,BEACH HOSTEL,1.00,yes
258697,2281,Aartselaar,5327,Duisburg,Aartselaar,51.130178,4.3749728,Duisburg,51.3955661,6.7519003,2026-11-05T23:00:00Z,2026-11-13T22:59:59Z,24,193.7,600,ROAD HOUSE,Westfalia Eliseo C540 - Fiat Ducato 8,ROAD HOUSE,1.00,yes
258698,2287,Mérignac,2853,Marburg,Mérignac,44.8210543,-0.6957446,Marburg,50.8298189,8.7682135,2026-11-05T23:00:00Z,2026-11-13T22:59:59Z,96,1263.6,1800,ROAD HOUSE,Westfalia Eliseo C540 - Fiat Ducato 8,ROAD HOUSE,129.00,no
258699,3142,Castellanza,2853,Marburg,Castellanza,45.6052218,8.8869713,Marburg,50.8298189,8.7682135,2026-11-05T23:00:00Z,2026-11-13T22:59:59Z,48,740.4,1000,ROAD HOUSE,Westfalia Eliseo C540 - Fiat Ducato 8,ROAD HOUSE,1.00,yes
258700,5490,Salzburg,2853,Marburg,Salzburg,47.825903,13.0322279,Marburg,50.8298189,8.7682135,2026-11-05T23:00:00Z,2026-11-13T22:59:59Z,48,622.7,1000,ROAD HOUSE,Westfalia Eliseo C540 - Fiat Ducato 8,ROAD HOUSE,1.00,yes
258701,3264,Cabriès,2853,Marburg,Cabriès,43.4222409,5.366785,Marburg,50.8298189,8.7682135,2026-11-05T23:00:00Z,2026-11-13T22:59:59Z,72,1083.5,1400,SURFER SUITE,VW California Ocean,SURFER SUITE,129.00,no
258702,2282,Viladecans,2293,Ihringen,Viladecans,41.3206,2.0303,Ihringen,48.0365254,7.6478617,2026-11-05T23:00:00Z,2026-11-13T22:59:59Z,72,1077.3,1400,SURFER SUITE,VW California Ocean,SURFER SUITE,129.00,no
258703,2289,Sint-Pieters-Leeuw,2853,Marburg,Sint-Pieters-Leeuw,50.760643,4.2515687,Marburg,50.8298189,8.7682135,2026-11-05T23:00:00Z,2026-11-13T22:59:59Z,48,442.7,1000,SURFER SUITE,VW California Ocean,SURFER SUITE,1.00,yes
258704,5334,Roma,2300,Aach,Roma,41.8066422,12.3245072,Aach,47.833,8.863,2026-11-05T23:00:00Z,2026-11-13T22:59:59Z,72,963.4,1400,SURFER SUITE,VW California Ocean,SURFER SUITE,129.00,no
